adjectives,nouns,verbs
haunted,lemonade,painting
secret,resort,floating
private,bermuda,swimming
TRUE,time,watching
fur,island,
unlimited,silicon,
virtual,volcano,
silicon,spaceworld,
plastic,1991,
solar,worlds,
polar,VIP,
formal,dirt,
casual,location,
spiritual,dolphin,
pharma,intelligence,
enterprise,memory,
mature,body,
clean,body doubles,
painted,books,
outer,seasons,
,atlas,
,ebooks,
,tourists,
,getaway,
,plastic,
,lottery,
,square,
,half-life,
,passenger,
,driver,
,driver,
,mind,
,matter,
,paradise,
,ghost,
